SN,MOVIE_NM,MNG_NM,MAKR_NM,IMPORT_CMPNY_NM,DISTB_CMPNY_NM,OPEN_DE,MOVIE_TY_NM,MOVIE_STLE_NM,NLTY_NM,WNTY_SCREEN_CO,WNTY_SELNG_AM,WNTY_AUDE_CO,SU_SELNG_AM,SU_AUDE_CO,GENRE_NM,GRAD_NM,MOVIE_SE
1,분노의 질주: 더 얼티메이트,저스틴 린,,유니버설픽쳐스인터내셔널 코리아(유),유니버설픽쳐스인터내셔널 코리아(유),20210519,개봉영화,장편,미국,2296,17268076580,1790155,4197011990,423112,액션,12세이상관람가,일반영화
2,크루엘라,크레이그 질레스피,,월트디즈니컴퍼니코리아 유한책임회사,월트디즈니컴퍼니코리아 유한책임회사,20210526,개봉영화,장편,미국,1184,3038945310,330181,1093877910,116446,드라마,12세이상관람가,일반영화
3,비와 당신의 이야기,조진모,(주)아지트필름,,"소니픽쳐스엔터테인먼트코리아주식회사극장배급지점,(주)키다리이엔티",20210428,개봉영화,장편,한국,957,2945572300,314849,952021490,105204,드라마,전체관람가,일반영화
4,더 스파이,도미닉 쿡,,(유)조이앤시네마,"TCO(주)더콘텐츠온,(주)제이앤씨미디어그룹",20210428,개봉영화,장편,미국,710,2329329840,245413,820905090,85381,스릴러,15세이상관람가,일반영화
5,크루즈 패밀리: 뉴 에이지,조엘 크로포드,,유니버설픽쳐스인터내셔널 코리아(유),유니버설픽쳐스인터내셔널 코리아(유),20210505,개봉영화,장편,미국,1082,1957213560,222109,428052040,46660,애니메이션,전체관람가,일반영화
6,극장판 귀멸의 칼날: 무한열차편,소토자키 하루오,,에스엠지홀딩스 주식회사,워터홀컴퍼니(주),20210127,개봉영화,장편,일본,380,2044649290,209972,449049950,45398,애니메이션,15세이상관람가,일반영화
7,미나리,정이삭,,판씨네마(주),판씨네마(주),20210303,개봉영화,장편,미국,1162,1299467860,143926,456133820,50271,드라마,12세이상관람가,독립/예술영화
8,스파이럴,대런 린 보우즈만,,(주)올스타엔터테인먼트,(주)올스타엔터테인먼트,20210512,개봉영화,장편,헝가리,691,1278892690,128928,385959390,38500,스릴러,청소년관람불가,일반영화
9,내일의 기억,서유민,"(주)아이필름코퍼레이션,(주)토리픽쳐스",,"(주)아이필름코퍼레이션,씨제이 씨지브이(CJ CGV)(주)",20210421,개봉영화,장편,한국,957,1232214520,125712,246713000,24829,미스터리,15세이상관람가,일반영화
10,파이프라인,유하,(주)곰픽쳐스,,"메가박스중앙(주)플러스엠,(주)리틀빅픽쳐스",20210526,개봉영화,장편,한국,777,839827490,96293,227396030,26416,범죄,15세이상관람가,일반영화
11,명탐정 코난: 비색의 탄환,나가오카 치카,,,(주)씨제이이엔엠,20210416,개봉영화,장편,일본,844,717693410,76885,166334430,17210,애니메이션,12세이상관람가,일반영화
12,극장판 콩순이: 장난감나라 대모험,이선명,(주)모꼬지,,(주)넥스트엔터테인먼트월드(NEW),20210505,개봉영화,장편,한국,690,653801130,74592,112841710,12539,애니메이션,전체관람가,일반영화
13,도라에몽: 스탠바이미 2,야기 류이치,,대원미디어(주),(주)스마일이엔티,20210519,개봉영화,장편,일본,631,644299040,73914,123503460,13693,애니메이션,전체관람가,일반영화
14,내가 죽기를 바라는 자들,테일러 쉐리던,,워너브러더스 코리아(주),워너브러더스 코리아(주),20210505,개봉영화,장편,미국,669,511060350,54949,138693360,14877,범죄,15세이상관람가,일반영화
15,노매드랜드,클로이 자오,,월트디즈니컴퍼니코리아 유한책임회사,월트디즈니컴퍼니코리아 유한책임회사,20210415,개봉영화,장편,미국,181,353578540,37382,220131140,23114,드라마,12세이상관람가,일반영화
16,극장판 바다 탐험대 옥토넛 : 불의 고리 대폭발,,,"(주)얼리버드픽쳐스,와이드 릴리즈(주)",주식회사 컨텐츠썬,20210428,개봉영화,장편,영국,183,220196200,26723,46779500,5438,애니메이션,전체관람가,일반영화
17,아들의 이름으로,이정국,영화사 혼,,(주)엣나인필름,20210512,개봉영화,장편,한국,423,202838760,23431,67224280,7528,드라마,12세이상관람가,독립/예술영화
18,내겐 너무 소중한 너,"이창원,권성모",(주)파인스토리,,(주)파인스토리,20210512,개봉영화,장편,한국,449,199479620,22342,44281670,4765,드라마,12세이상관람가,독립/예술영화
19,아이들은 즐겁다,이지원,(주)영화사울림,,"메가박스중앙(주)플러스엠,(주)영화사울림",20210505,개봉영화,장편,한국,445,155307470,18163,48878060,5986,드라마,전체관람가,독립/예술영화
20,서복,이용주,"(주)씨제이이엔엠,(주)티피에스컴퍼니",,(주)씨제이이엔엠,20210415,개봉영화,장편,한국,1382,172229430,17639,44836940,4466,드라마,15세이상관람가,일반영화
21,마크맨,로버트 로렌즈,,(주)퍼스트런,(주)디스테이션,20210428,개봉영화,장편,미국,210,134511900,16849,36422100,4889,액션,15세이상관람가,일반영화
22,보이저스,닐 버거,,(유)조이앤시네마,"TCO(주)더콘텐츠온,(주)제이앤씨미디어그룹",20210526,개봉영화,장편,미국,387,116826460,14189,43328270,5238,SF,15세이상관람가,일반영화
23,학교 가는 길,김정인,(주)마로스튜디오,,(주)영화사 진진,20210505,개봉영화,장편,한국,90,103762710,13530,65540710,8169,다큐멘터리,12세이상관람가,독립/예술영화
24,굴뚝마을의 푸펠,,,(주)미디어캐슬,"(주)리틀빅픽쳐스,(주)레드로버",20210526,개봉영화,장편,일본,250,110583510,12815,34726610,4035,애니메이션,전체관람가,일반영화
25,베르테르,조광하,(주)씨제이이엔엠,,CGV ICECON,20210505,개봉영화,장편,한국,68,223809000,12646,81065500,4585,뮤지컬,12세이상관람가,일반영화
26,혼자 사는 사람들,홍성은,한국영화아카데미,,주식회사 더쿱,20210519,개봉영화,장편,한국,159,93992500,10517,52783410,5822,드라마,12세이상관람가,독립/예술영화
27,자산어보,이준익,(주)씨네월드,,메가박스중앙(주)플러스엠,20210331,개봉영화,장편,한국,1250,74117600,8673,33892440,4002,사극,12세이상관람가,일반영화
28,슈퍼노바,,,찬란,(주)디스테이션,20210512,개봉영화,장편,영국,184,71787740,8512,38975090,4573,드라마,15세이상관람가,독립/예술영화
29,더 파더,플로리안 젤러,,판씨네마(주),판씨네마(주),20210407,개봉영화,장편,영국,348,70050660,8309,45562410,5154,드라마,12세이상관람가,독립/예술영화
30,링: 더 라스트 챕터,츠루타 노리오,,(주)박수엔터테인먼트,(주)박수엔터테인먼트,20210512,개봉영화,장편,중국,85,67491970,7331,10924870,1076,미스터리,15세이상관람가,독립/예술영화
31,"좋은 빛, 좋은 공기",임흥순,반달,,(주)엣나인필름,20210428,개봉영화,장편,한국,62,49031520,7172,29951210,4247,다큐멘터리,12세이상관람가,독립/예술영화
32,부활: 그 증거,김상철,파이오니아21,,(주)영화사 진진,20201008,개봉영화,장편,한국,111,46544000,5296,5940000,790,다큐멘터리,전체관람가,독립/예술영화
33,애플,크리스토스 니코우,,주식회사 모쿠슈라픽쳐스,(주)다자인소프트,20210526,개봉영화,장편,기타,85,35802060,4759,23447300,2911,드라마,12세이상관람가,독립/예술영화
34,미스,,,(주)월드시네마,"예지림엔터테인먼트,주식회사 더쿱",20210512,개봉영화,장편,프랑스,105,35850730,4362,14880240,1840,코미디,15세이상관람가,독립/예술영화
35,어른들은 몰라요,이환,(주)돈키호테엔터테인먼트,,(주)리틀빅픽쳐스,20210415,개봉영화,장편,한국,209,40970450,4033,13766120,1351,드라마,청소년관람불가,독립/예술영화
36,범털 2: 쩐의 전쟁,강태호,(주)피터팬픽쳐스,,(주)피터팬픽쳐스,20210513,개봉영화,장편,한국,30,20614890,3783,10461850,2269,범죄,15세이상관람가,일반영화
37,"2021 스웨그 에이지 : 외쳐, 조선!","우진하,곽기영",(주)피엘종합기획,,(주)위즈온센,20210513,개봉영화,장편,한국,34,32588600,3371,20904200,2107,뮤지컬,12세이상관람가,일반영화
38,비커밍 아스트리드,퍼닐 피셔 크리스텐센,,알토미디어(주),알토미디어(주),20210512,개봉영화,장편,기타,70,28638470,3259,14319710,1523,드라마,15세이상관람가,독립/예술영화
39,꼬마 마법사 레미 : 견습 마법사를 찾아서,"사토 준이치,카마타니 하루카",,(주)얼리버드픽쳐스,(주)얼리버드픽쳐스,20210519,개봉영화,장편,일본,65,35949300,3190,13873300,1201,애니메이션,12세이상관람가,일반영화
40,고질라 VS. 콩,아담 윈가드,,워너브러더스 코리아(주),워너브러더스 코리아(주),20210325,개봉영화,장편,미국,1295,31009410,3172,13598690,1269,액션,12세이상관람가,일반영화
41,쇼크 웨이브 2,구예도,,(주)누리픽쳐스,(주)누리픽쳐스,20210520,개봉영화,장편,중국,61,16959300,3130,8898900,1642,액션,15세이상관람가,일반영화
42,적호서생,,,찬란,찬란,20210429,개봉영화,장편,중국,23,21577420,3062,12837090,1829,액션,12세이상관람가,독립/예술영화
43,"쿠오바디스,아이다",야스밀라 즈바니치,,M&M 인터내셔널,M&M 인터내셔널,20210519,개봉영화,장편,기타,44,24908940,2953,16351640,1820,드라마,15세이상관람가,독립/예술영화
44,인트로덕션,홍상수,(주)영화제작전원사,,"(주)영화제작전원사 ,(주)콘텐츠판다",20210527,개봉영화,장편,한국,91,23818690,2651,16819010,1837,기타,12세이상관람가,독립/예술영화
45,쿠사마 야요이: 무한의 세계,,,오드,오드,20210519,개봉영화,장편,미국,38,19863670,2425,14509170,1680,다큐멘터리,전체관람가,독립/예술영화
46,신비아파트 뮤지컬 시즌3 : 뱀파이어왕의 비밀,김종해,(주)씨제이이엔엠,,(주)씨제이이엔엠,20210522,개봉영화,장편,한국,55,34841000,2325,6208000,414,공연,전체관람가,일반영화
47,듄: 드리프터,,,(주)스토리제이,(주)스토리제이,20210428,개봉영화,장편,영국,28,11175000,2178,5701000,1123,SF,12세이상관람가,일반영화
48,노바디,일리야 나이슐러,,유니버설픽쳐스인터내셔널 코리아(유),유니버설픽쳐스인터내셔널 코리아(유),20210407,개봉영화,장편,미국,505,16849040,2161,10658870,1510,액션,15세이상관람가,일반영화
49,크라이시스,니콜라스 자렉키,,(주)누리픽쳐스,(주)누리픽쳐스,20210520,개봉영화,장편,독일,50,10232500,2000,5682500,1090,드라마,15세이상관람가,일반영화
50,배드 헤어,저스틴 시미엔,,그린나래미디어(주),(주)디스테이션,20210505,개봉영화,장편,미국,30,13857140,1869,7267810,1010,공포(호러),15세이상관람가,독립/예술영화
51,키퍼스,,,(주)영화사 사계절,(주)이놀미디어,20210512,개봉영화,장편,영국,97,16431340,1784,5434750,584,미스터리,15세이상관람가,독립/예술영화
52,파이터,윤재호,영화사 해그림 주식회사,,㈜인디스토리,20210318,개봉영화,장편,한국,74,8754000,1748,8754000,1748,드라마,12세이상관람가,독립/예술영화
53,더 박스,양정웅,(주)영화사테이크,,(주)씨네필운,20210324,개봉영화,장편,한국,372,10264940,1710,6134970,1021,드라마,12세이상관람가,독립/예술영화
54,레 미제라블,,,(주)영화사 진진,(주)영화사 진진,20210415,개봉영화,장편,프랑스,97,13851850,1676,10337850,1174,드라마,15세이상관람가,독립/예술영화
55,유다 그리고 블랙 메시아,,,워너브러더스 코리아(주),워너브러더스 코리아(주),20210422,개봉영화,장편,미국,154,13977040,1659,8307740,934,드라마,15세이상관람가,일반영화
56,라야와 마지막 드래곤,"돈 홀,카를로스 로페즈 에스트라다",,월트디즈니컴퍼니코리아 유한책임회사,월트디즈니컴퍼니코리아 유한책임회사,20210304,개봉영화,장편,미국,1056,14033630,1532,3349080,378,애니메이션,전체관람가,일반영화
57,토토리! 우리 둘만의 여름,"실리에 살로몬센,아릴드 오스틴 아문센",,에이케이엔터테인먼트(주),(주)팝엔터테인먼트,20210519,개봉영화,장편,노르웨이,63,13599580,1450,9297420,967,어드벤처,전체관람가,독립/예술영화
58,파리의 별빛 아래,클로스 드렉셀,,판씨네마(주),판씨네마(주),20210505,개봉영화,장편,프랑스,34,12523350,1435,9178550,992,드라마,전체관람가,독립/예술영화
59,어쌔신 프리스트 벡맨,가브리엘 세블로프,,,라온아이(주),20210505,개봉영화,장편,미국,50,6961500,1366,3311500,636,액션,15세이상관람가,일반영화
60,베르나르다 알바,연태흠,(주)브이컴퍼니,,(주)트리플픽쳐스,20210428,개봉영화,장편,한국,25,26502000,1299,17875000,861,공연,15세이상관람가,일반영화
61,푸드 몬스터,,,(주)나우콘텐츠,(주)이놀미디어,20210519,개봉영화,장편,중국,62,9922860,1142,1637000,159,애니메이션,전체관람가,일반영화
62,소울,피트 닥터,"월트 디즈니 픽쳐스,픽사 애니메이션 스튜디오",월트디즈니컴퍼니코리아 유한책임회사,월트디즈니컴퍼니코리아 유한책임회사,20210120,개봉영화,장편,미국,2018,9718490,1071,6600670,658,애니메이션,전체관람가,일반영화
63,"조제, 호랑이 그리고 물고기들",타무라 코타로,,(주)에이원엔터테인먼트,(주)팝엔터테인먼트,20210331,개봉영화,장편,일본,399,8560200,939,8560200,939,애니메이션,12세이상관람가,독립/예술영화
64,미션 파서블,김형주,(주)노시스컴퍼니,,(주)메리크리스마스,20210217,개봉영화,장편,한국,930,4480000,896,4480000,896,코미디,15세이상관람가,일반영화
65,구독좋아요알림설정,유진 코틀리야렌코,,주식회사 왓챠,주식회사 왓챠,20210519,개봉영화,장편,미국,16,8376600,787,4718500,450,코미디,청소년관람불가,일반영화
66,아르코 라이브 뮤지컬 인사이드 윌리엄,,한국문화예술위원회,,(주)아이디어랩,20210526,개봉영화,장편,한국,14,13517500,751,8874000,493,공연,전체관람가,일반영화
67,나소흑전기: 첫만남편,,,(주)엔케이컨텐츠,(주)디스테이션,20210422,개봉영화,장편,중국,133,7426300,710,3594600,332,애니메이션,전체관람가,독립/예술영화
68,예르미타시 예술의 힘,,,,CGV ICECON,20210512,개봉영화,장편,이탈리아,21,11942500,664,5433500,302,다큐멘터리,전체관람가,일반영화
69,코드 기아스: 부활의 를르슈,타니구치 고로,,(주)얼리버드픽쳐스,(주)얼리버드픽쳐스,20210428,개봉영화,장편,일본,32,6756100,626,4196600,374,애니메이션,12세이상관람가,일반영화
70,라스트 레터,이와이 슌지,,(주)미디어캐슬,(주)스튜디오 산타클로스엔터테인먼트,20210224,개봉영화,장편,일본,160,2942000,588,2942000,588,멜로/로맨스,전체관람가,독립/예술영화
71,비밀의 정원,박선주,몬순픽쳐스,,필름다빈,20210408,개봉영화,장편,한국,159,2885000,545,2359000,439,드라마,12세이상관람가,독립/예술영화
72,"사랑하고 사랑받고, 차고 차이고",,,(주)콘텐츠게이트,(주)라이크콘텐츠,20210408,개봉영화,장편,일본,91,5100380,541,3406430,347,애니메이션,전체관람가,독립/예술영화
73,코스믹 씬,,,(유)조이앤시네마,(주)제이앤씨미디어그룹,20210422,개봉영화,장편,미국,53,3037000,481,1000,1,SF,12세이상관람가,일반영화
74,별의 목소리 X 초속5센티미터,신카이 마코토,,,(주)미디어캐슬,20210512,개봉영화,장편,일본,5,2800880,346,2579970,317,애니메이션,12세이상관람가,일반영화
75,컴 애즈 유 아,리차드 웡,,찬란,찬란,20210506,개봉영화,장편,미국,19,2621300,332,1279800,146,코미디,15세이상관람가,일반영화
76,스쿨 오브 락(樂),강호준,(주)콘텐츠나무,,(주)드림팩트엔터테인먼트,20210513,개봉영화,장편,한국,7,2997000,324,2278000,251,다큐멘터리,전체관람가,독립/예술영화
77,써니,오오네 히토시,,(주)콘텐츠판다,(주)콘텐츠판다,20210526,개봉영화,장편,일본,6,2265000,323,2120000,296,드라마,15세이상관람가,독립/예술영화
78,홈런: 야구소년,,,(주)엔케이컨텐츠,(주)엔케이컨텐츠,20210513,개봉영화,장편,중국,8,1515000,302,515000,102,다큐멘터리,전체관람가,일반영화
79,피델리오,"다니엘 바렌보임,데보라 워너",,일미디어,일미디어,20210501,개봉영화,장편,이탈리아,9,7661550,287,5231550,172,공연,12세이상관람가,일반영화
80,점보,,,주식회사 왓챠,주식회사 왓챠,20210505,개봉영화,장편,프랑스,12,2334600,251,1541100,168,드라마,15세이상관람가,일반영화
81,아무도 없는 곳,김종관,볼미디어(주),,(주)엣나인필름,20210331,개봉영화,장편,한국,374,2098000,245,1645500,173,드라마,15세이상관람가,독립/예술영화
82,"무순, 세상을 가로질러",남승석,올록볼록 영화사,,영화배급협동조합 씨네소파,20210422,개봉영화,장편,한국,17,1952500,199,1551000,136,다큐멘터리,전체관람가,독립/예술영화
83,섀도우 클라우드,,,(유)조이앤시네마,(주)제이앤씨미디어그룹,20210422,개봉영화,장편,미국,71,1372000,196,0,0,SF,15세이상관람가,일반영화
84,탐험왕 엘카노&마젤란: 위대한 첫 번째 항해,,,(주)에이원엔터테인먼트,(주)에이원엔터테인먼트,20210506,개봉영화,장편,스페인,5,900000,180,0,0,어드벤처,전체관람가,독립/예술영화
85,턴: 더 스트릿,임석진,"(주)26컴퍼니,발키리픽처스",,(주)26컴퍼니,20210331,개봉영화,장편,한국,34,1530000,153,1530000,153,드라마,12세이상관람가,독립/예술영화
86,소리에 놀라지 않는 사자처럼,윤성준,스튜디오 에이에이,,(주)드림팩트엔터테인먼트,20210519,개봉영화,장편,한국,8,975940,130,178000,23,다큐멘터리,전체관람가,일반영화
87,스파이의 아내,구로사와 기요시,,M&M 인터내셔널,M&M 인터내셔널,20210325,개봉영화,장편,일본,120,1122970,121,1075970,110,드라마,12세이상관람가,독립/예술영화
88,프라미싱 영 우먼,에머랄드 펜넬,,유니버설픽쳐스인터내셔널 코리아(유),유니버설픽쳐스인터내셔널 코리아(유),20210224,개봉영화,장편,미국,70,968000,116,624000,60,범죄,15세이상관람가,일반영화
89,코지 판 투테,,,,(주)케빈앤컴퍼니,20210418,개봉영화,장편,독일,7,2921700,114,2285200,90,공연,12세이상관람가,일반영화
90,타인의 친절,론 쉐르픽,,그린나래미디어(주),그린나래미디어(주),20210407,개봉영화,장편,영국,141,976400,106,608900,57,드라마,12세이상관람가,독립/예술영화
91,아방섹,에로핑,비스킷미디어,,(주)메이크아트,20210521,개봉영화,장편,한국,5,500000,100,100000,20,성인물(에로),청소년관람불가,일반영화
92,시니어퀸 : 58년 개띠 여고동창생,김문옥,시네마테크 충무로,,(주)엔비디나비블루다이아몬드,20210511,개봉영화,장편,한국,1,693000,99,693000,99,드라마,12세이상관람가,독립/예술영화
93,8년을 뛰어넘은 신부,제제 다카히사,,(주)미디어캐슬,(주)미디어캐슬,20210507,개봉영화,장편,일본,4,720740,98,548240,68,가족,전체관람가,독립/예술영화
94,극장판 바이올렛 에버가든,이시다테 타이치,,미라지엔터테인먼트,(주)라이크콘텐츠,20201112,개봉영화,장편,일본,131,634000,63,634000,63,애니메이션,전체관람가,독립/예술영화
95,나를 적신 집사 무삭제판,오자키 히로코우지,,,(주)라온컴퍼니플러스,20210525,개봉영화,장편,일본,1,300000,60,300000,60,멜로/로맨스,청소년관람불가,일반영화
96,나만 몰랐던 성감대 무삭제판,,,,(주)라온컴퍼니플러스,20210525,개봉영화,장편,일본,1,300000,60,300000,60,멜로/로맨스,청소년관람불가,일반영화
97,네번째 엄마 무삭제,윤경식,(주)픽쳐레스크,,(주)픽쳐레스크,20210506,개봉영화,장편,한국,1,300000,60,300000,60,멜로/로맨스,청소년관람불가,일반영화
98,레베카: 감출 수 없는 욕망,,,,(주)픽쳐레스크,20210513,개봉영화,장편,미국,1,300000,60,300000,60,멜로/로맨스,청소년관람불가,일반영화
99,마지막 처녀,윤경식,(주)가온콘텐츠,,(주)가온콘텐츠,20210525,개봉영화,장편,한국,1,300000,60,300000,60,멜로/로맨스,청소년관람불가,일반영화
100,맞고사는 남편,윤경식,(주)가온콘텐츠,,(주)가온콘텐츠,20210525,개봉영화,장편,한국,1,300000,60,300000,60,멜로/로맨스,청소년관람불가,일반영화
101,봇물터진 사무실 무삭제판,칸바라 나오토,,,(주)라온컴퍼니플러스,20210517,개봉영화,장편,일본,1,300000,60,300000,60,멜로/로맨스,청소년관람불가,일반영화
102,부부 성생활 연구회 무삭제판,,,,(주)라온컴퍼니플러스,20210517,개봉영화,장편,일본,1,300000,60,300000,60,멜로/로맨스,청소년관람불가,일반영화
103,불량섹스 무삭제판,료타,,,(주)라온컴퍼니플러스,20210525,개봉영화,장편,일본,1,300000,60,300000,60,멜로/로맨스,청소년관람불가,일반영화
104,새것 누구나 처음은 있었다,윤경식,(주)가온콘텐츠,,(주)가온콘텐츠,20210525,개봉영화,장편,한국,1,300000,60,300000,60,멜로/로맨스,청소년관람불가,일반영화
105,섹스 픽션,,,(주)픽쳐레스크,(주)픽쳐레스크,20210506,개봉영화,장편,미국,1,300000,60,300000,60,멜로/로맨스,청소년관람불가,일반영화
106,옆집아재 무삭제판,카즈마,,,(주)라온컴퍼니플러스,20210517,개봉영화,장편,일본,1,300000,60,300000,60,멜로/로맨스,청소년관람불가,일반영화
107,욕정의 아내,,,,(주)픽쳐레스크,20210513,개봉영화,장편,일본,1,300000,60,300000,60,멜로/로맨스,청소년관람불가,일반영화
108,욕정의 제수씨 무삭제판,쇼텐 시로,,,(주)라온컴퍼니플러스,20210517,개봉영화,장편,일본,1,300000,60,300000,60,멜로/로맨스,청소년관람불가,일반영화
109,욕정의 진찰실 무삭제판,,,,(주)라온컴퍼니플러스,20210525,개봉영화,장편,일본,1,300000,60,300000,60,멜로/로맨스,청소년관람불가,일반영화
110,유부녀 맛집 무삭제판,나기라 겐조,,,(주)라온컴퍼니플러스,20210525,개봉영화,장편,일본,1,300000,60,300000,60,멜로/로맨스,청소년관람불가,일반영화
111,크게 만족한 장모님 무삭제판,,,,(주)라온컴퍼니플러스,20210525,개봉영화,장편,일본,1,300000,60,300000,60,멜로/로맨스,청소년관람불가,일반영화
112,킬버드,,,,(주)제이에이와이이엔터테인먼트,20210528,개봉영화,장편,캐나다,1,300000,60,300000,60,스릴러,15세이상관람가,일반영화
113,한지붕 세가족 무삭제판,양호열,(주)라온컴퍼니플러스,,(주)가온콘텐츠,20210517,개봉영화,장편,한국,1,300000,60,300000,60,멜로/로맨스,청소년관람불가,일반영화
114,훔쳐버린 섹스,,,,(주)픽쳐레스크,20210513,개봉영화,장편,미국,1,300000,60,300000,60,멜로/로맨스,청소년관람불가,일반영화
115,해길랍,채밀결,,오드,오드,20210331,개봉영화,장편,기타,223,341000,52,341000,52,멜로/로맨스,15세이상관람가,독립/예술영화
116,스프링 송,유준상,쥬네스엔터테인먼트,,"주식회사 컨텐츠썬,(주)아우라픽처스",20210421,개봉영화,장편,한국,48,226500,51,67000,13,드라마,전체관람가,독립/예술영화
117,더스트맨,김나경,한국예술종합학교 산학협력단,,(주)트리플픽쳐스,20210407,개봉영화,장편,한국,47,383500,50,207500,24,드라마,12세이상관람가,독립/예술영화
118,인천스텔라,백승기,꾸러기스튜디오,,(주)영화사 그램,20210325,개봉영화,장편,한국,50,282000,44,9000,1,SF,12세이상관람가,독립/예술영화
119,피넛 버터 팔콘,"타일러 닐슨,마이클 슈왈츠",,찬란,(주)팝엔터테인먼트,20210407,개봉영화,장편,미국,141,302000,42,106000,12,드라마,12세이상관람가,독립/예술영화
120,정말 먼 곳,박근영,봄내필름,,그린나래미디어(주),20210318,개봉영화,장편,한국,204,363000,41,363000,41,드라마,12세이상관람가,독립/예술영화
121,카오스 워킹,더그 라이만,,롯데컬처웍스(주)롯데엔터테인먼트,롯데컬처웍스(주)롯데엔터테인먼트,20210224,개봉영화,장편,미국,780,204000,40,204000,40,어드벤처,15세이상관람가,일반영화
122,당신의 사월,주현숙,(주)시네마달,,(주)시네마달,20210401,개봉영화,장편,한국,59,268000,36,149000,20,다큐멘터리,전체관람가,독립/예술영화
123,초능력 에볼루션,존 라이드,,,(유)조이앤시네마,20210531,개봉영화,장편,미국,19,240900,36,126400,14,SF,15세이상관람가,일반영화
124,미국대전쟁,크리스토퍼 포브스,,,(유)조이앤시네마,20210429,개봉영화,장편,미국,10,26000,26,0,0,서부극(웨스턴),15세이상관람가,일반영화
125,정사4-위험한 사랑,조애나 코츠,,,(유)조이앤시네마,20210422,개봉영화,장편,영국,9,26000,26,0,0,드라마,청소년관람불가,독립/예술영화
126,스페이스 시그널,,,,(유)조이앤시네마,20210531,개봉영화,장편,미국,18,118480,24,53540,8,액션,12세이상관람가,일반영화
127,보더라인,안나 알피에리,,(주)드림팩트엔터테인먼트,THE 픽쳐스,20210415,개봉영화,장편,영국,13,40000,19,17000,3,멜로/로맨스,청소년관람불가,독립/예술영화
128,그리고 방행자,손원경,주식회사 블루필름웍스,,"주식회사 블루필름웍스,THE 픽쳐스",20210311,개봉영화,장편,한국,7,14000,14,14000,14,다큐멘터리,12세이상관람가,독립/예술영화
129,찬실이는 복도 많지,김초희,"(주)지이프로덕션,(주)사이드미러",,찬란,20200305,개봉영화,장편,한국,241,118000,13,118000,13,드라마,전체관람가,독립/예술영화
130,세자매,이승원,(주)영화사 업,,(주)리틀빅픽쳐스,20210127,개봉영화,장편,한국,569,118000,12,118000,12,드라마,15세이상관람가,독립/예술영화
131,특공황비2-무적의 적소검,,,,(유)조이앤시네마,20210511,개봉영화,장편,중국,9,9000,9,1000,1,액션,15세이상관람가,독립/예술영화
132,별장하녀들,패콘,주식회사 패콘,,(주)룬컴퍼니,20210521,개봉영화,장편,한국,6,10000,8,5000,3,성인물(에로),청소년관람불가,일반영화
133,최면,최재훈,(주)스마일이엔티,,(주)스마일이엔티,20210324,개봉영화,장편,한국,506,52000,8,0,0,공포(호러),15세이상관람가,독립/예술영화
134,무간귀도,,,아트비전,(주)액티버스엔터테인먼트,20210520,개봉영화,장편,중국,6,8000,7,3000,2,액션,15세이상관람가,독립/예술영화
135,"킬링,",츠카모토 신야,,(주)미디어캐슬,(주)미디어캐슬,20210407,개봉영화,장편,일본,4,53000,7,0,0,드라마,청소년관람불가,독립/예술영화
136,봉신전설,,,아트비전,(주)액티버스엔터테인먼트,20210506,개봉영화,장편,중국,6,7000,6,2000,1,액션,12세이상관람가,일반영화
137,예쁜장모,리차드 킴,(주)룬컴퍼니,,(주)액티버스엔터테인먼트,20210528,개봉영화,장편,한국,5,8000,6,5000,3,성인물(에로),청소년관람불가,일반영화
138,모텔 302호,윤준세,(주)영진크리에이티브,,(주)영진크리에이티브,20210528,개봉영화,장편,한국,5,25000,5,0,0,멜로/로맨스,청소년관람불가,일반영화
139,부기,에디 황,,유니버설픽쳐스인터내셔널 코리아(유),유니버설픽쳐스인터내셔널 코리아(유),20210421,개봉영화,장편,미국,13,48000,5,48000,5,드라마,15세이상관람가,일반영화
140,여의사 : 잘세움병원,최제승,(주)로드하우스,,노바엔터테인먼트,20210504,개봉영화,장편,한국,5,20000,5,2000,1,드라마,청소년관람불가,일반영화
141,바이올린 플레이어,파보 웨스터버그,,주식회사 더쿱,예지림엔터테인먼트,20210415,개봉영화,장편,기타,14,41500,4,41500,4,멜로/로맨스,15세이상관람가,독립/예술영화
142,출동! 시크릿 보틀 수호대,정연준,(주)청담러닝,,씨제이포디플렉스 주식회사,20210324,개봉영화,단편,한국,10,32500,4,32500,4,애니메이션,전체관람가,일반영화
143,어처구니없는,,,주식회사 블루필름웍스,주식회사 블루필름웍스,20210422,개봉영화,장편,기타,7,24000,3,0,0,미스터리,15세이상관람가,독립/예술영화
144,시 읽는 시간,이수정,생의 한가운데,,(주)마노엔터테인먼트,20210325,개봉영화,장편,한국,15,14000,2,10000,1,다큐멘터리,12세이상관람가,독립/예술영화
145,교환부부의 세계: 그들만의 은밀한 테크닉,안혜영,영화사 레드카펫,,마법사필름,20210520,개봉영화,장편,한국,1,1000,1,0,0,멜로/로맨스,청소년관람불가,일반영화
146,그녀의 속사정:과거는 묻지마세요,하마노 사치,,,(주)영진크리에이티브,20210520,개봉영화,장편,일본,1,6000,1,0,0,멜로/로맨스,청소년관람불가,일반영화
147,남의 아내를 탐하다 무삭제판,사노 B사쿠,,,(주)영진크리에이티브,20210506,개봉영화,장편,일본,1,6000,1,0,0,멜로/로맨스,청소년관람불가,일반영화
148,남친 옆에서 정사,이치고 타로와,,,(주)영진크리에이티브,20210529,개봉영화,장편,일본,1,6000,1,0,0,멜로/로맨스,청소년관람불가,일반영화
149,남편보다 힘쎈 택배기사,김환,(주)영화사가을,,(주)영화사가을,20210510,개봉영화,장편,한국,1,6000,1,0,0,멜로/로맨스,청소년관람불가,일반영화
150,내 동생의 여자,버드맨 텟페이,,,(주)영진크리에이티브,20210521,개봉영화,장편,일본,1,6000,1,0,0,멜로/로맨스,청소년관람불가,일반영화
151,달콤한 스캔들,이로운,(주)영화사히트,,(주)영화사히트,20210519,개봉영화,장편,한국,1,1000,1,0,0,드라마,청소년관람불가,일반영화
152,동창회에 가는 목적,조태호,(주)영화사가을,,(주)영화사가을,20210511,개봉영화,장편,한국,1,6000,1,0,0,멜로/로맨스,청소년관람불가,일반영화
153,두 아내 : 아찔한 동거,최찬호,(주)영화사가을,,(주)영화사가을,20210508,개봉영화,장편,한국,1,6000,1,0,0,멜로/로맨스,청소년관람불가,일반영화
154,맛보는 딸의 남편,코지마 유키오,,,(주)도키엔터테인먼트,20210526,개봉영화,장편,일본,1,6000,1,0,0,성인물(에로),청소년관람불가,일반영화
155,맨살의 청춘,정지승,(주)코빈커뮤니케이션즈,,(주)코빈커뮤니케이션즈,20210520,개봉영화,장편,한국,1,1000,1,0,0,성인물(에로),청소년관람불가,일반영화
156,며느리 꼬시기 : 돈의 맛 무삭제,신우찬,(주)영화사가을,,(주)영화사가을,20210502,개봉영화,장편,한국,1,6000,1,0,0,멜로/로맨스,청소년관람불가,일반영화
157,몰래 야동 찍는 아내,토미죠 타로,,,(주)영진크리에이티브,20210521,개봉영화,장편,일본,1,6000,1,0,0,멜로/로맨스,청소년관람불가,일반영화
158,몸으로 보은하는 여자,버드맨 텟페이,,,(주)영진크리에이티브,20210514,개봉영화,장편,일본,1,6000,1,0,0,멜로/로맨스,청소년관람불가,일반영화
159,물 많은 후배 아내,버드맨 텟페이,,,(주)영진크리에이티브,20210521,개봉영화,장편,일본,1,6000,1,0,0,멜로/로맨스,청소년관람불가,일반영화
160,물오른 사모님의 속살,하라다 칸토나,,,(주)영진크리에이티브,20210515,개봉영화,장편,일본,1,6000,1,0,0,멜로/로맨스,청소년관람불가,일반영화
161,물오른 형수들의 속궁합,밤비노 푸린,,,(주)영진크리에이티브,20210515,개봉영화,장편,일본,1,6000,1,0,0,멜로/로맨스,청소년관람불가,일반영화
162,미용실 : 특별한 서비스 5 무삭제,조태호,(주)영화사가을,,(주)영화사가을,20210516,개봉영화,장편,한국,1,6000,1,0,0,멜로/로맨스,청소년관람불가,일반영화
163,민감한 새엄마 미나코,히이라기 엔부,,,(주)영진크리에이티브,20210507,개봉영화,장편,일본,1,6000,1,0,0,멜로/로맨스,청소년관람불가,일반영화
164,바꿔서 할까?,최성은,(주)영화사히트,,(주)영화사히트,20210519,개봉영화,장편,한국,1,1000,1,0,0,드라마,청소년관람불가,일반영화
165,발정난 그녀의 속사정,비바 곤조,,,(주)영진크리에이티브,20210529,개봉영화,장편,일본,1,6000,1,0,0,멜로/로맨스,청소년관람불가,일반영화
166,발정난 새엄마의 유혹,진구지 차우차우,,,(주)영진크리에이티브,20210507,개봉영화,장편,일본,1,6000,1,0,0,멜로/로맨스,청소년관람불가,일반영화
167,발정난 여자들:외간남자의 손맛,비바 곤조,,,(주)영진크리에이티브,20210515,개봉영화,장편,일본,1,6000,1,0,0,멜로/로맨스,청소년관람불가,일반영화
168,밝히는 여자들:참을 수 없어,카부토가니,,,(주)영진크리에이티브,20210529,개봉영화,장편,일본,1,6000,1,0,0,멜로/로맨스,청소년관람불가,일반영화
169,브레이브 언더 파이어: 디 오리지널,,,(주)박수엔터테인먼트,(주)박수엔터테인먼트,20210505,개봉영화,장편,러시아,1,5000,1,0,0,액션,12세이상관람가,일반영화
170,비밀정사,최성은,(주)영화사히트,,(주)영화사히트,20210517,개봉영화,장편,한국,1,1000,1,0,0,드라마,청소년관람불가,일반영화
171,사일런스 앤드 다크니스,바락 바칸,,,(주)영화사 안다미로,20210524,개봉영화,장편,미국,1,1000,1,0,0,공포(호러),15세이상관람가,일반영화
172,새엄마의 무릎 사이,,,주식회사 미콘,주식회사 미콘,20210520,개봉영화,장편,일본,1,1000,1,1000,1,드라마,청소년관람불가,일반영화
173,성교육 주식회사,아마엔보 쇼군,,,(주)영진크리에이티브,20210521,개봉영화,장편,일본,1,6000,1,0,0,멜로/로맨스,청소년관람불가,일반영화
174,세자매의 섹스파트너,안혜영,영화사 레드카펫,,마법사필름,20210513,개봉영화,장편,한국,1,1000,1,0,0,멜로/로맨스,청소년관람불가,일반영화
175,섹스노트 : 매일하는 여자,,,,(주)온비즈넷,20210507,개봉영화,장편,일본,1,6000,1,0,0,멜로/로맨스,청소년관람불가,일반영화
176,소녀탈출,에로핑,핑크하우스TV,,엔트리커뮤니케이션즈,20210522,개봉영화,장편,한국,1,1000,1,0,0,드라마,청소년관람불가,일반영화
177,수상한마사지샵,천성준,에이원 미디어,,에이원 미디어,20210521,개봉영화,장편,한국,1,7000,1,0,0,멜로/로맨스,청소년관람불가,일반영화
178,스파이: 타임 투 저스티스,데이브 맥 3세,,,(주)영화사 안다미로,20210524,개봉영화,장편,미국,1,1000,1,0,0,액션,15세이상관람가,일반영화
179,승진섹스,김종석,모히또필름,,(주)컨텐츠 빌리지,20210528,개봉영화,장편,한국,1,1000,1,1000,1,멜로/로맨스,청소년관람불가,일반영화
180,아슬아슬 티팬티녀,비바 곤조,,,(주)영진크리에이티브,20210529,개봉영화,장편,일본,1,6000,1,0,0,멜로/로맨스,청소년관람불가,일반영화
181,야한섹스:두가지 맛,하마노 사치,,,(주)영진크리에이티브,20210520,개봉영화,장편,일본,1,6000,1,0,0,멜로/로맨스,청소년관람불가,일반영화
182,억남,오오토모 케이시,,(주)미디어캐슬,(주)미디어캐슬,20210421,개봉영화,장편,일본,4,8000,1,0,0,드라마,15세이상관람가,독립/예술영화
183,여자 동창 : 우리 지금 할까? 무삭제,한대위,(주)영화사가을,,(주)영화사가을,20210506,개봉영화,장편,한국,1,6000,1,0,0,멜로/로맨스,청소년관람불가,일반영화
184,여자 하숙집 4 무삭제,구재은,(주)영화사가을,,(주)영화사가을,20210513,개봉영화,장편,한국,1,6000,1,0,0,멜로/로맨스,청소년관람불가,일반영화
185,연애 : 엄마친구 3 무삭제,최찬호,(주)영화사가을,,(주)영화사가을,20210529,개봉영화,장편,한국,1,6000,1,0,0,멜로/로맨스,청소년관람불가,일반영화
186,옆집 누나 : 한번 줄까? 무삭제,한대위,(주)영화사가을,,(주)영화사가을,20210501,개봉영화,장편,한국,1,6000,1,0,0,멜로/로맨스,청소년관람불가,일반영화
187,예쁜식모2 : 가정부인,리차드 킴,(주)룬컴퍼니,,(주)룬컴퍼니,20210507,개봉영화,장편,한국,1,2000,1,2000,1,성인물(에로),청소년관람불가,일반영화
188,위험한 생방송,에로핑,핑크하우스TV,,엔트리커뮤니케이션즈,20210522,개봉영화,장편,한국,1,1000,1,0,0,드라마,청소년관람불가,일반영화
189,유부녀 훔쳐보는 남자들,밤비노 푸린,,,(주)영진크리에이티브,20210507,개봉영화,장편,일본,1,6000,1,0,0,멜로/로맨스,청소년관람불가,일반영화
190,육덕 테라피스트의 사정 서비스,,,,(주)빅콘미디어,20210504,개봉영화,장편,일본,1,6000,1,0,0,성인물(에로),청소년관람불가,일반영화
191,은밀한 스캔들,최성은,(주)영화사히트,,(주)영화사히트,20210517,개봉영화,장편,한국,1,1000,1,0,0,드라마,청소년관람불가,일반영화
192,음란한 그녀의 남자꼬시기,카부토가니,,,(주)영진크리에이티브,20210514,개봉영화,장편,일본,1,6000,1,0,0,멜로/로맨스,청소년관람불가,일반영화
193,음란한 아내의 비밀스런 욕망,사노 B사쿠,,,(주)영진크리에이티브,20210514,개봉영화,장편,일본,1,6000,1,0,0,멜로/로맨스,청소년관람불가,일반영화
194,음란한 여직원과의 사내섹스,타나카 스나오,,,(주)영진크리에이티브,20210506,개봉영화,장편,일본,1,6000,1,0,0,멜로/로맨스,청소년관람불가,일반영화
195,음탕한 유부녀들의 유혹,비바 곤조,,,(주)영진크리에이티브,20210507,개봉영화,장편,일본,1,6000,1,0,0,멜로/로맨스,청소년관람불가,일반영화
196,잘 느끼는 장모님,버드맨 텟페이,,,(주)영진크리에이티브,20210506,개봉영화,장편,일본,1,6000,1,0,0,멜로/로맨스,청소년관람불가,일반영화
197,잘세우는 여친,최성은,(주)영화사히트,,(주)영화사히트,20210519,개봉영화,장편,한국,1,1000,1,0,0,드라마,청소년관람불가,일반영화
198,젊은 장모님과 은밀한 섹스,버드맨 텟페이,,,(주)영진크리에이티브,20210514,개봉영화,장편,일본,1,6000,1,0,0,멜로/로맨스,청소년관람불가,일반영화
199,조개의 맛,조태호,(주)영화사가을,,(주)영화사가을,20210504,개봉영화,장편,한국,1,6000,1,0,0,멜로/로맨스,청소년관람불가,일반영화
200,착한 숙모 : 삼촌이 출장 간 날 무삭제,이대길,뷰소프트,,뷰소프트,20210512,개봉영화,장편,한국,1,6000,1,0,0,성인물(에로),청소년관람불가,일반영화
201,처제의 순결 무삭제,한대위,(주)영화사가을,,(주)영화사가을,20210501,개봉영화,장편,한국,1,6000,1,0,0,멜로/로맨스,청소년관람불가,일반영화
202,친구 여동생 무삭제판,판,(주)영진크리에이티브,,(주)영진크리에이티브,20210506,개봉영화,장편,한국,1,6000,1,0,0,멜로/로맨스,청소년관람불가,일반영화
203,친구엄마 2021 무삭제,신우찬,(주)영화사가을,,(주)영화사가을,20210508,개봉영화,장편,한국,1,6000,1,0,0,멜로/로맨스,청소년관람불가,일반영화
204,친구엄마의 욕구불만 무삭제,이대길,뷰소프트,,뷰소프트,20210512,개봉영화,장편,한국,1,6000,1,0,0,성인물(에로),청소년관람불가,일반영화
205,커플교환섹스 무삭제,한대위,(주)영화사가을,,(주)영화사가을,20210527,개봉영화,장편,한국,1,6000,1,0,0,멜로/로맨스,청소년관람불가,일반영화
206,코스프레 그녀들의 순종적 섹스,,,,(주)빅콘미디어,20210504,개봉영화,장편,일본,1,6000,1,0,0,성인물(에로),청소년관람불가,일반영화
207,펜트하우스 쇼걸,에로핑,핑크하우스TV,,엔트리커뮤니케이션즈,20210522,개봉영화,장편,한국,1,1000,1,0,0,드라마,청소년관람불가,일반영화
208,하녀(하는여자),이상영,블루커뮤니케이션,,블루커뮤니케이션,20210520,개봉영화,장편,한국,1,1000,1,0,0,성인물(에로),청소년관람불가,일반영화
209,하숙집 : 그녀들의 신음소리 2 무삭제,김춘수,(주)영화사가을,,(주)영화사가을,20210523,개봉영화,장편,한국,1,6000,1,0,0,멜로/로맨스,청소년관람불가,일반영화
210,하얀방 : 열 개의 비밀,여진,주식회사 게티스버그컴퍼니,,주식회사 게티스버그컴퍼니,20210512,개봉영화,장편,한국,1,2000,1,2000,1,성인물(에로),청소년관람불가,일반영화
211,형수:잔뜩 쌓인 그 날,버드맨 텟페이,,,(주)영진크리에이티브,20210515,개봉영화,장편,일본,1,6000,1,0,0,멜로/로맨스,청소년관람불가,일반영화
212,환상의 스킬로 만져주는 마사지녀 2,핫시이,,,(주)빅콘미디어,20210504,개봉영화,장편,일본,1,6000,1,0,0,성인물(에로),청소년관람불가,일반영화
213,24살윤율의섹시한젖가슴-무삭제,판,스마일컨텐츠,,스마일컨텐츠,20210505,개봉영화,장편,한국,1,1000,1,0,0,멜로/로맨스,청소년관람불가,일반영화
214,SNS 헌팅으로 만난 음란 유학생,아라시야마 미치루,,,(주)빅콘미디어,20210504,개봉영화,장편,일본,1,6000,1,0,0,성인물(에로),청소년관람불가,일반영화
